Brand,Mileage,FuelConsumptionPerKm,Color,Horsepower,SeatingCapacity, Actual_Price
BMW,190092,0.068893979,Black,455,3," KES 1,830,627.00 "
Audi,21157,0.104395554,Green,490,11," KES 5,361,880.00 "
Kia,240303,0.143031763,Black,405,8," KES 665,042.00 "
Chevrolet,178316,0.084264892,Grey,351,9," KES 5,669,608.00 "
Mercedes,290596,0.114506915,Black,264,8," KES 2,807,553.00 "
Kia,169652,0.114312662,Blue,436,3," KES 9,834,501.00 "
Kia,66256,0.136056974,Grey,257,2," KES 4,202,396.00 "
Honda,184672,0.158887759,Grey,495,11," KES 9,295,896.00 "
BMW,277555,0.063055861,Silver,281,2," KES 8,612,229.00 "
Audi,287558,0.159059647,Green,435,12," KES 5,779,819.00 "
Toyota,90441,0.184335154,Blue,300,11," KES 4,365,802.00 "
Toyota,180134,0.064696881,Blue,122,7," KES 3,064,665.00 "
Nissan,235841,0.065129576,Blue,402,4," KES 636,260.00 "
Audi,298679,0.157711718,Blue,324,10," KES 3,655,058.00 "
Nissan,98313,0.165017366,Silver,291,6," KES 6,653,959.00 "
Kia,33858,0.112628137,Black,165,13," KES 458,736.00 "
Ford,236218,0.146339102,Grey,413,8," KES 8,044,336.00 "
Kia,152254,0.191166473,Red,444,7," KES 2,089,952.00 "
Hyundai,79744,0.063606956,Silver,475,9," KES 2,160,387.00 "
Nissan,71900,0.193153383,Green,358,3," KES 5,015,047.00 "
Audi,32350,0.163353236,Blue,399,11," KES 1,435,883.00 "
Honda,47757,0.109720767,Grey,389,10," KES 2,851,037.00 "
Toyota,107293,0.058577081,Black,497,9," KES 6,693,061.00 "
Chevrolet,183967,0.119029918,White,155,9," KES 3,323,094.00 "
Audi,166311,0.092506045,Red,418,11," KES 8,545,156.00 "
Audi,250490,0.151332356,Black,108,6," KES 3,264,407.00 "
BMW,80482,0.07550253,Red,191,10," KES 2,519,829.00 "
Mercedes,272925,0.063263903,Grey,234,5," KES 1,435,049.00 "
Toyota,88942,0.168024604,Green,339,14," KES 2,615,116.00 "
Nissan,217669,0.087156153,White,304,3," KES 4,757,993.00 "
Audi,260914,0.199364688,Silver,465,13," KES 6,567,464.00 "
Mercedes,297624,0.193690203,Black,427,3," KES 2,912,373.00 "
Honda,170597,0.118608173,Grey,196,2," KES 2,652,171.00 "
Ford,251688,0.180137203,Green,388,7," KES 8,917,320.00 "
Chevrolet,189027,0.116042795,Green,487,10," KES 4,543,447.00 "
Nissan,114365,0.148861062,Green,330,6," KES 755,149.00 "
Toyota,273153,0.082586187,Grey,202,2," KES 2,466,020.00 "
Nissan,292935,0.133492066,Green,364,9," KES 7,867,634.00 "
Nissan,297171,0.174800197,Silver,358,4," KES 3,260,191.00 "
Honda,56413,0.099858006,Silver,103,8," KES 639,743.00 "
Hyundai,212746,0.078311961,Grey,208,10," KES 6,178,254.00 "
Ford,121179,0.134446863,Silver,320,11," KES 2,709,075.00 "
Hyundai,288666,0.059106549,Red,406,3," KES 1,876,358.00 "
Mercedes,126727,0.103155293,Silver,270,7," KES 4,799,707.00 "
Kia,163374,0.12983755,Silver,317,7," KES 3,452,345.00 "
BMW,70540,0.091869522,Silver,332,11," KES 5,251,661.00 "
Kia,159367,0.104284807,White,496,6," KES 3,555,299.00 "
Chevrolet,213916,0.100364195,Black,209,13," KES 7,615,848.00 "
Chevrolet,123597,0.160253634,Black,475,8," KES 736,974.00 "
Hyundai,220205,0.127719062,Green,132,5," KES 7,603,903.00 "
Nissan,113525,0.177387843,Green,361,3," KES 6,428,838.00 "
Ford,173476,0.144665644,Blue,272,7," KES 7,377,451.00 "
Ford,158794,0.126881608,Blue,399,8," KES 1,540,439.00 "
Hyundai,289806,0.101905048,Red,363,9," KES 3,447,362.00 "
Kia,223947,0.127191069,Red,260,14," KES 8,653,691.00 "
Ford,216874,0.134190137,White,264,3," KES 3,199,062.00 "
Kia,273028,0.175712506,Black,131,5," KES 8,974,981.00 "
Toyota,104580,0.08675586,Green,109,2," KES 3,372,898.00 "
Honda,270071,0.093445498,Blue,231,3," KES 9,568,124.00 "
Honda,78549,0.083850476,Grey,330,13," KES 5,300,854.00 "
Honda,46996,0.076781991,Black,293,4," KES 6,799,883.00 "
Ford,104885,0.171941622,Grey,345,14," KES 4,467,300.00 "
Honda,136338,0.112807775,Black,345,9," KES 1,135,924.00 "
Honda,190496,0.122673758,Blue,212,14," KES 7,084,757.00 "
BMW,108205,0.195294315,White,416,6," KES 3,423,379.00 "
Nissan,23966,0.081769244,White,115,6," KES 6,242,493.00 "
Audi,27929,0.096051172,Grey,422,13," KES 2,036,194.00 "
Chevrolet,41383,0.195098997,Silver,114,12," KES 5,773,436.00 "
Kia,219616,0.158693985,Black,111,11," KES 2,461,802.00 "
Kia,241431,0.075023365,Blue,331,14," KES 2,949,712.00 "
Honda,169673,0.121292665,Black,418,8," KES 3,246,083.00 "
Honda,29278,0.151499807,Red,275,14," KES 9,202,849.00 "
Chevrolet,150708,0.193852043,Green,473,7," KES 1,589,477.00 "
Audi,66565,0.175183346,White,315,8," KES 2,898,903.00 "
Audi,217585,0.18791274,Red,444,12," KES 7,983,662.00 "
Ford,150928,0.106834992,Grey,247,5," KES 9,298,343.00 "
Mercedes,256330,0.087773616,Black,373,6," KES 6,002,775.00 "
Mercedes,202083,0.137333156,Red,236,4," KES 8,892,849.00 "
BMW,245631,0.170341424,Red,142,2," KES 2,401,414.00 "
Ford,284435,0.054250434,Grey,418,8," KES 1,715,376.00 "
Nissan,103634,0.091687743,White,348,13," KES 2,061,537.00 "
Honda,124861,0.191169484,Grey,396,9," KES 7,783,027.00 "
Mercedes,46375,0.139840726,Green,201,2," KES 9,612,708.00 "
BMW,105394,0.054966302,Blue,351,10," KES 3,661,950.00 "
Mercedes,128939,0.070975217,Silver,152,6," KES 2,396,995.00 "
Nissan,140407,0.133216554,White,127,6," KES 2,130,749.00 "
Mercedes,4296,0.076577971,Black,117,4," KES 5,327,017.00 "
Nissan,104172,0.071418782,Green,399,5," KES 2,930,346.00 "
Ford,105367,0.059114821,Blue,303,12," KES 2,656,170.00 "
Audi,269242,0.194542683,Black,412,11," KES 6,383,902.00 "
Audi,92508,0.171562994,Silver,472,4," KES 7,147,314.00 "
Nissan,213766,0.183452478,Silver,260,7," KES 4,973,778.00 "
Kia,216609,0.060403453,Silver,272,7," KES 6,737,693.00 "
Audi,298209,0.147922662,Black,462,10," KES 2,341,623.00 "
Nissan,120138,0.1857863,Black,428,13," KES 4,059,983.00 "
BMW,222019,0.198174598,Green,114,4," KES 8,353,890.00 "
Mercedes,107204,0.116176902,Black,132,9," KES 7,126,850.00 "
Ford,153088,0.196020705,Grey,251,13," KES 5,775,557.00 "
Mercedes,271785,0.129041134,Grey,181,8," KES 5,583,140.00 "
Chevrolet,2591,0.08513673,Blue,393,5," KES 584,040.00 "
Honda,23103,0.199919452,Black,467,14," KES 9,722,918.00 "
BMW,82442,0.113614641,Green,495,5," KES 7,872,416.00 "
BMW,18387,0.169918219,Grey,260,4," KES 2,915,409.00 "
Audi,151505,0.172413195,Red,386,9," KES 6,050,113.00 "
Hyundai,240559,0.120515401,Silver,180,2," KES 8,861,082.00 "
Audi,76859,0.194953917,White,398,5," KES 6,962,300.00 "
Kia,218685,0.133614568,Black,453,5," KES 833,769.00 "
Toyota,134665,0.188044277,Grey,127,4," KES 3,370,677.00 "
Toyota,239472,0.187243904,Red,216,6," KES 406,742.00 "
Audi,101863,0.137313795,White,106,4," KES 3,550,206.00 "
Mercedes,12708,0.124632274,Blue,184,6," KES 5,650,225.00 "
Hyundai,24009,0.100927858,Grey,124,4," KES 6,793,859.00 "
Audi,34225,0.094811567,Red,254,10," KES 7,885,058.00 "
Honda,147655,0.077412146,White,296,9," KES 9,981,461.00 "
Honda,22467,0.06516628,White,407,7," KES 6,900,210.00 "
Nissan,38971,0.183399127,Red,257,11," KES 3,130,984.00 "
Mercedes,167352,0.140021086,Silver,176,10," KES 3,364,664.00 "
Chevrolet,184409,0.121331774,Grey,264,9," KES 861,221.00 "
Mercedes,283137,0.186232644,Red,222,3," KES 4,784,282.00 "
Mercedes,298699,0.113907961,Blue,312,4," KES 1,873,283.00 "
Hyundai,253386,0.061296785,Black,497,12," KES 5,279,840.00 "
Chevrolet,204929,0.100900034,Red,182,12," KES 663,795.00 "
Toyota,37322,0.102218286,Silver,213,3," KES 4,051,895.00 "
Audi,183370,0.089142826,Red,489,6," KES 1,486,992.00 "
Ford,64922,0.098532247,Grey,473,11," KES 1,627,066.00 "
Nissan,258763,0.189135569,Black,237,8," KES 9,698,634.00 "
Ford,64672,0.13389157,Silver,295,2," KES 8,722,255.00 "
Chevrolet,86824,0.178377425,Blue,376,6," KES 3,356,771.00 "
Honda,207227,0.069649719,Blue,344,5," KES 8,884,587.00 "
Hyundai,102070,0.126113819,Blue,134,2," KES 9,786,833.00 "
Kia,222120,0.065889915,Grey,277,10," KES 5,999,908.00 "
Toyota,220856,0.134366317,Red,415,14," KES 8,681,600.00 "
Ford,26820,0.078058267,Blue,469,9," KES 5,952,832.00 "
Mercedes,214922,0.062316153,Grey,134,2," KES 3,328,421.00 "
Audi,150697,0.056488583,Red,280,9," KES 4,014,535.00 "
Kia,155750,0.095822483,White,331,5," KES 8,655,877.00 "
Ford,149188,0.168892925,White,392,7," KES 4,860,534.00 "
Ford,270961,0.063850923,Red,127,5," KES 6,990,133.00 "
Hyundai,112333,0.052589947,White,196,13," KES 4,000,327.00 "
Honda,290411,0.107418806,White,454,6," KES 7,791,573.00 "
Nissan,216371,0.086393944,Green,349,9," KES 8,112,196.00 "
Nissan,124708,0.097382887,Grey,337,2," KES 5,626,049.00 "
BMW,107090,0.108474293,Silver,443,10," KES 4,814,174.00 "
Toyota,137184,0.165802765,Red,289,14," KES 1,286,766.00 "
BMW,148210,0.103051387,Silver,308,4," KES 3,984,822.00 "
Toyota,248894,0.179830992,Red,167,14," KES 5,665,246.00 "
BMW,184550,0.079273476,Green,387,5," KES 1,710,596.00 "
Chevrolet,185683,0.181969959,Red,324,4," KES 5,211,644.00 "
Mercedes,106727,0.165455043,Silver,316,10," KES 5,218,340.00 "
Hyundai,153726,0.132036701,Blue,497,14," KES 9,533,904.00 "
Mercedes,114265,0.05939955,Black,379,4," KES 2,601,920.00 "
Nissan,217523,0.071133041,Black,391,9," KES 4,955,789.00 "
Mercedes,190732,0.095345034,Blue,340,4," KES 1,192,147.00 "
Hyundai,110955,0.134585296,Blue,164,4," KES 7,204,772.00 "
Toyota,253454,0.109161529,Red,489,10," KES 8,753,615.00 "
Mercedes,177152,0.1730594,Silver,460,2," KES 4,942,982.00 "
Ford,51792,0.050570816,White,242,14," KES 8,893,434.00 "
Ford,43905,0.12077501,Silver,271,11," KES 9,768,085.00 "
Audi,245031,0.104754758,Black,111,13," KES 5,582,124.00 "
Honda,261657,0.091224428,White,145,4," KES 8,642,871.00 "
Audi,83047,0.127658075,Green,331,6," KES 6,241,942.00 "
Mercedes,83572,0.135783746,Grey,393,7," KES 3,972,069.00 "
BMW,243791,0.183166364,Red,280,6," KES 5,041,640.00 "
Ford,19306,0.107221771,Silver,175,12," KES 5,602,190.00 "
Audi,127063,0.068136327,White,127,2," KES 8,676,014.00 "
BMW,283711,0.072090618,Red,118,2," KES 2,868,745.00 "
Toyota,222273,0.133399086,Grey,392,7," KES 2,993,578.00 "
Chevrolet,190585,0.117451777,Blue,462,13," KES 7,996,334.00 "
BMW,177369,0.188558227,Red,227,12," KES 4,505,101.00 "
Toyota,279500,0.132367738,Grey,215,7," KES 3,773,133.00 "
Honda,64850,0.093333031,Silver,354,10," KES 2,695,111.00 "
Kia,241424,0.17057705,Red,144,8," KES 1,062,507.00 "
Toyota,159712,0.064125698,Black,357,10," KES 8,729,796.00 "
Kia,96875,0.091057784,White,244,4," KES 3,320,467.00 "
Mercedes,210276,0.095420132,Green,329,3," KES 7,039,894.00 "
Nissan,81775,0.088960075,Silver,483,8," KES 7,560,841.00 "
Chevrolet,112236,0.100944501,Silver,106,4," KES 8,257,515.00 "
Mercedes,119903,0.125167953,Black,282,3," KES 6,341,577.00 "
Nissan,154545,0.188132594,Silver,494,3," KES 7,830,629.00 "
Ford,20466,0.088597186,Green,273,12," KES 3,601,544.00 "
Ford,267786,0.10304635,Grey,116,13," KES 3,489,047.00 "
Ford,190872,0.19555807,White,406,10," KES 8,334,338.00 "
Toyota,180105,0.059358133,Silver,446,3," KES 4,556,849.00 "
Honda,49260,0.077255955,Red,295,6," KES 4,235,827.00 "
Honda,45188,0.050644895,Red,122,11," KES 4,023,399.00 "
Hyundai,167237,0.056333274,Grey,398,7," KES 4,322,793.00 "
Chevrolet,6825,0.196370728,Silver,421,4," KES 9,117,981.00 "
Honda,267039,0.112244222,Red,102,10," KES 9,147,156.00 "
Honda,291053,0.173684062,Silver,393,8," KES 4,083,207.00 "
Toyota,185446,0.107073938,Silver,202,7," KES 4,580,801.00 "
Toyota,267941,0.141198072,Red,386,11," KES 5,165,988.00 "
Kia,234724,0.187904762,Blue,113,8," KES 9,925,987.00 "
Ford,218205,0.082476168,Black,175,11," KES 1,230,050.00 "
Mercedes,41149,0.074649753,Green,173,7," KES 9,331,773.00 "
BMW,51488,0.096466242,Silver,348,11," KES 7,918,426.00 "
Chevrolet,186402,0.123236545,Grey,161,4," KES 6,606,947.00 "
Mercedes,196761,0.057405344,Silver,143,5," KES 8,008,310.00 "
Ford,190033,0.11320552,Green,256,4," KES 8,509,693.00 "
Toyota,250143,0.186533693,Silver,256,10," KES 9,353,902.00 "
Hyundai,88251,0.172474104,White,427,10," KES 4,116,072.00 "
Hyundai,272529,0.142136594,Blue,485,9," KES 4,951,913.00 "
Toyota,144391,0.06927222,Silver,274,12," KES 1,688,659.00 "
BMW,170942,0.102645646,Blue,385,3," KES 5,104,992.00 "
Toyota,129630,0.101938908,Grey,435,13," KES 7,071,819.00 "
Audi,167458,0.051823846,Grey,321,11," KES 2,669,097.00 "
Hyundai,292234,0.108801903,Green,480,9," KES 5,237,355.00 "
Ford,52231,0.112829284,Black,119,8," KES 4,072,767.00 "
Mercedes,160899,0.171008593,Blue,172,7," KES 4,097,999.00 "
Chevrolet,129611,0.092750271,White,327,4," KES 782,085.00 "
Hyundai,60159,0.114725958,Black,102,5," KES 9,950,418.00 "
Kia,92654,0.197692868,White,489,12," KES 1,145,341.00 "
Nissan,238762,0.127230684,White,232,8," KES 8,752,584.00 "
Honda,226923,0.095258356,Silver,350,11," KES 581,311.00 "
Hyundai,221019,0.151894293,Grey,241,8," KES 5,154,624.00 "
Mercedes,107724,0.113877132,Black,198,9," KES 9,605,987.00 "
Toyota,126503,0.17586649,Silver,348,6," KES 5,118,523.00 "
Toyota,35934,0.181286102,Green,499,6," KES 6,309,335.00 "
BMW,128071,0.097345264,Grey,294,10," KES 3,534,021.00 "
Kia,274180,0.167903623,Silver,472,8," KES 5,718,357.00 "
BMW,274863,0.061450287,Red,106,6," KES 9,165,176.00 "
Chevrolet,51077,0.055650081,Silver,466,8," KES 4,727,467.00 "
Hyundai,245605,0.136837924,Blue,407,13," KES 5,443,022.00 "
Mercedes,247997,0.162530075,White,361,5," KES 1,914,787.00 "
BMW,58155,0.054164498,White,337,6," KES 8,487,243.00 "
Nissan,119134,0.193827067,Grey,459,12," KES 1,018,591.00 "
Honda,246710,0.117222083,Green,319,14," KES 930,029.00 "
Toyota,220623,0.160865371,Red,156,13," KES 4,495,191.00 "
Audi,192349,0.190334753,Red,163,7," KES 4,724,230.00 "
Nissan,207899,0.11175985,Grey,238,2," KES 3,523,625.00 "
BMW,53743,0.162017886,Green,163,6," KES 4,238,326.00 "
Kia,5534,0.087877692,Blue,371,3," KES 8,545,265.00 "
BMW,280776,0.1009443,Red,254,9," KES 3,166,815.00 "
BMW,3783,0.138955614,White,183,5," KES 4,708,314.00 "
Audi,255770,0.176255178,Silver,225,10," KES 1,430,846.00 "
Honda,25786,0.188823928,Silver,194,3," KES 9,362,137.00 "
Audi,182505,0.101988784,Silver,271,13," KES 3,102,512.00 "
Ford,22234,0.110177062,Red,392,14," KES 5,339,456.00 "
Audi,80842,0.145852664,Grey,400,2," KES 723,612.00 "
Kia,18316,0.097683395,Silver,384,7," KES 1,964,631.00 "
BMW,205318,0.056758716,Red,125,7," KES 9,212,360.00 "
Toyota,189153,0.135446646,Grey,473,11," KES 4,985,642.00 "
Kia,126280,0.083830733,White,382,9," KES 2,125,820.00 "
BMW,287905,0.139847069,Silver,280,11," KES 9,341,005.00 "
Honda,222111,0.183366923,Green,270,10," KES 8,155,054.00 "
Hyundai,296419,0.188577949,Red,429,3," KES 7,936,125.00 "
Kia,190036,0.060419813,White,491,13," KES 6,989,319.00 "
Kia,98910,0.088823149,Grey,314,10," KES 9,642,420.00 "
Ford,4875,0.110058523,Silver,290,11," KES 4,792,464.00 "
Toyota,244453,0.178742889,Silver,458,3," KES 3,535,728.00 "
BMW,213821,0.050017376,Silver,184,11," KES 2,848,864.00 "
Toyota,106559,0.139149175,Grey,369,9," KES 7,370,557.00 "
BMW,114337,0.139210882,Silver,360,3," KES 6,112,755.00 "
Chevrolet,280593,0.162438912,Blue,130,9," KES 5,763,111.00 "
Kia,121430,0.163037398,Green,460,14," KES 4,129,561.00 "
Hyundai,243079,0.099677695,Blue,467,12," KES 3,352,291.00 "
Audi,135926,0.14854255,White,381,7," KES 7,010,174.00 "
Ford,204538,0.126671226,White,221,14," KES 9,328,465.00 "
Toyota,46930,0.058449677,Green,138,6," KES 4,128,915.00 "
Chevrolet,222248,0.108129986,White,375,14," KES 8,121,483.00 "
Mercedes,227645,0.14589649,Blue,299,14," KES 494,315.00 "
Hyundai,3902,0.164629496,Blue,296,13," KES 5,017,087.00 "
Nissan,159722,0.189724624,Silver,146,2," KES 3,905,397.00 "
Ford,60241,0.171206344,Blue,317,6," KES 7,287,463.00 "
Toyota,177343,0.071601762,Green,315,6," KES 2,250,468.00 "
Kia,36964,0.168561966,Grey,292,9," KES 6,066,637.00 "
Honda,19050,0.07110077,Silver,117,13," KES 1,066,936.00 "
Mercedes,44125,0.083778769,White,145,10," KES 7,692,317.00 "
Hyundai,206834,0.111424372,Blue,227,5," KES 3,853,066.00 "
Nissan,208280,0.188603738,Silver,438,12," KES 4,801,656.00 "
Audi,137152,0.199494836,Green,161,4," KES 3,931,975.00 "
Chevrolet,70451,0.129457335,Green,215,5," KES 9,438,944.00 "
BMW,253763,0.079071924,Black,438,2," KES 8,247,102.00 "
Kia,148465,0.065927155,White,489,10," KES 420,049.00 "
Mercedes,234130,0.082142638,Green,310,12," KES 8,998,547.00 "
Toyota,91148,0.105689754,Red,219,9," KES 7,324,887.00 "
BMW,187541,0.111215708,Red,402,6," KES 6,621,056.00 "
Honda,21170,0.080190769,Blue,494,5," KES 5,994,921.00 "
Kia,28283,0.18382829,Grey,339,10," KES 7,784,969.00 "
Hyundai,161690,0.181430525,Grey,108,2," KES 1,194,066.00 "
Nissan,226546,0.19594775,Grey,315,3," KES 1,193,294.00 "
Honda,190439,0.153307658,Black,488,7," KES 4,544,870.00 "
Toyota,145302,0.184571075,Silver,449,5," KES 8,767,990.00 "
Toyota,10022,0.168941751,Grey,150,2," KES 4,730,963.00 "
Mercedes,44206,0.12321896,Silver,297,2," KES 8,894,767.00 "
Kia,65836,0.12787629,Grey,277,3," KES 1,349,709.00 "
Nissan,234095,0.133720234,Grey,370,10," KES 826,043.00 "
Ford,181114,0.08287136,Red,119,5," KES 7,882,126.00 "
Mercedes,95038,0.077458255,Green,363,13," KES 2,642,791.00 "
Chevrolet,100775,0.147136113,Green,227,12," KES 5,142,176.00 "
Hyundai,198792,0.079101982,Blue,345,13," KES 5,423,882.00 "
Hyundai,55433,0.078233821,Red,375,14," KES 1,907,791.00 "
Honda,148138,0.149979888,Silver,428,2," KES 7,501,031.00 "
BMW,241580,0.171717262,Grey,339,12," KES 2,988,356.00 "
Nissan,234929,0.144817004,Silver,451,12," KES 3,687,186.00 "
Audi,121630,0.103300551,Grey,103,9," KES 1,562,676.00 "
Mercedes,999,0.106517438,White,147,7," KES 8,732,937.00 "
BMW,168457,0.078960046,Black,205,10," KES 7,970,283.00 "
Hyundai,218996,0.188860659,Green,274,11," KES 6,808,654.00 "
BMW,194216,0.169124835,Black,125,7," KES 1,853,749.00 "
Mercedes,132330,0.187103081,Grey,165,13," KES 3,486,937.00 "
Toyota,4411,0.18275194,Black,483,9," KES 5,813,295.00 "
Nissan,176796,0.164391871,Red,455,10," KES 3,789,020.00 "
Ford,211085,0.092494502,Green,320,8," KES 3,369,200.00 "
Kia,270860,0.083821772,White,343,8," KES 2,181,629.00 "
Nissan,243562,0.09946326,Black,229,13," KES 5,913,253.00 "
Chevrolet,117033,0.186159858,White,214,7," KES 9,087,510.00 "
Audi,214823,0.070995673,White,191,10," KES 985,116.00 "
Audi,292775,0.126126417,White,368,12," KES 5,970,474.00 "
Audi,142941,0.136766157,Green,329,7," KES 8,273,955.00 "
Chevrolet,36070,0.083078131,Silver,110,7," KES 2,042,097.00 "
BMW,102053,0.121866512,Black,223,5," KES 9,866,011.00 "
BMW,198943,0.173315203,Red,256,12," KES 6,763,266.00 "
Audi,193336,0.106125994,Silver,386,4," KES 2,613,482.00 "
Kia,282066,0.191959635,White,387,7," KES 3,340,218.00 "
Toyota,241097,0.056965076,Blue,395,14," KES 7,651,516.00 "
Nissan,75113,0.195516581,Green,358,10," KES 6,111,843.00 "
Nissan,35380,0.101856139,White,349,8," KES 9,333,846.00 "
Ford,115273,0.064832723,Silver,253,9," KES 5,917,202.00 "
Nissan,122199,0.059134794,Green,482,5," KES 5,886,296.00 "
Honda,157083,0.074531604,Silver,192,13," KES 4,588,282.00 "
Toyota,232737,0.168673406,Red,457,9," KES 3,881,086.00 "
Audi,205914,0.18376922,Grey,321,3," KES 4,009,473.00 "
Ford,280141,0.151901415,Silver,108,14," KES 3,132,710.00 "
Kia,224298,0.121823273,Silver,381,8," KES 902,312.00 "
Mercedes,205505,0.07349279,Silver,233,14," KES 1,928,826.00 "
Chevrolet,48752,0.094255137,White,403,10," KES 9,836,361.00 "
Audi,277111,0.15360828,Green,183,14," KES 1,578,716.00 "
Ford,111610,0.182620296,Black,384,3," KES 7,941,836.00 "
Honda,86793,0.065574258,Green,167,14," KES 9,943,903.00 "
Kia,204889,0.193068793,Black,151,6," KES 7,717,464.00 "
Chevrolet,249157,0.104161377,Grey,409,3," KES 908,303.00 "
Nissan,29926,0.060158501,Green,390,12," KES 7,748,714.00 "
Honda,86234,0.147981284,White,474,9," KES 7,387,258.00 "
Mercedes,115779,0.132241034,Green,460,14," KES 6,407,365.00 "
Mercedes,153745,0.103569406,Green,457,6," KES 5,935,427.00 "
BMW,280559,0.119993577,Grey,376,5," KES 4,485,075.00 "
BMW,24598,0.14112019,Blue,284,14," KES 6,809,254.00 "
Audi,133679,0.157883204,Green,255,2," KES 6,108,283.00 "
BMW,5489,0.194139319,Blue,315,2," KES 4,070,857.00 "
BMW,236708,0.058552962,Green,205,8," KES 3,916,038.00 "
Audi,187712,0.196673799,Black,472,2," KES 417,295.00 "
Audi,298488,0.072680575,Red,340,5," KES 5,335,229.00 "
Honda,36824,0.133101245,White,416,8," KES 9,416,369.00 "
Ford,146217,0.18115213,Silver,233,14," KES 1,010,544.00 "
Ford,27354,0.159046818,White,284,3," KES 8,729,835.00 "
Honda,196294,0.146670358,Red,360,8," KES 4,613,849.00 "
Ford,294641,0.077595348,Grey,109,5," KES 2,392,922.00 "
Nissan,191843,0.077896097,Silver,439,2," KES 4,318,270.00 "
Mercedes,207832,0.086999384,Grey,394,13," KES 2,128,036.00 "
Audi,158307,0.155758413,Red,348,4," KES 6,876,293.00 "
Ford,295973,0.091391238,Grey,341,10," KES 8,926,503.00 "
Chevrolet,181340,0.111861883,Grey,400,4," KES 4,059,473.00 "
Chevrolet,196330,0.086770951,White,446,6," KES 2,287,608.00 "
Ford,292422,0.165784249,Red,393,10," KES 1,575,268.00 "
Audi,272597,0.058073275,Grey,298,9," KES 8,773,747.00 "
Ford,51799,0.124120238,Blue,408,12," KES 5,366,348.00 "
Mercedes,216152,0.158438762,Grey,348,4," KES 8,646,775.00 "
Toyota,28331,0.176891317,Grey,146,13," KES 657,661.00 "
Hyundai,163178,0.159937281,White,109,10," KES 2,817,551.00 "
Honda,109905,0.080874239,Black,303,6," KES 3,579,623.00 "
Kia,168516,0.087432193,White,325,3," KES 605,719.00 "
Toyota,252990,0.071039663,Grey,178,8," KES 4,921,915.00 "
Mercedes,144743,0.114064471,Green,256,3," KES 3,624,003.00 "
Mercedes,258017,0.199672574,Red,363,13," KES 5,388,809.00 "
Honda,207753,0.081344106,Green,221,10," KES 6,873,572.00 "
Nissan,246627,0.090328608,Blue,453,9," KES 2,090,722.00 "
Honda,10609,0.199088736,Silver,176,2," KES 4,251,499.00 "
Chevrolet,280427,0.163307421,White,199,6," KES 9,771,904.00 "
Audi,131646,0.065709449,Blue,139,12," KES 5,346,065.00 "
Nissan,78602,0.125077281,White,469,7," KES 1,726,637.00 "
BMW,226894,0.185949245,Blue,471,11," KES 1,207,436.00 "
BMW,249832,0.109683187,Blue,298,14," KES 3,342,868.00 "
Kia,222534,0.16566059,White,358,12," KES 813,557.00 "
Mercedes,289229,0.156670729,White,433,5," KES 8,999,171.00 "
BMW,215863,0.100602319,Blue,261,6," KES 6,562,350.00 "
Audi,2135,0.115058236,Silver,471,9," KES 1,636,289.00 "
Honda,263405,0.185623262,Green,447,5," KES 5,714,300.00 "
BMW,163927,0.073274921,Blue,224,7," KES 6,817,850.00 "
Toyota,308,0.098537859,Green,179,10," KES 9,807,566.00 "
Audi,69998,0.056868716,Black,477,14," KES 1,263,658.00 "
Hyundai,175352,0.071618284,Blue,489,11," KES 5,046,826.00 "
Chevrolet,155999,0.186486294,Red,258,14," KES 6,849,010.00 "
Mercedes,266731,0.15151356,Silver,123,14," KES 2,840,045.00 "
Nissan,68657,0.08318157,Silver,264,4," KES 7,167,145.00 "
Toyota,37233,0.10140949,Green,426,12," KES 1,706,065.00 "
Kia,257247,0.181665764,Black,377,6," KES 7,245,210.00 "
Mercedes,143042,0.114495061,Red,278,11," KES 4,909,505.00 "
Nissan,286702,0.094990797,Red,162,4," KES 5,596,175.00 "
BMW,188267,0.070008352,Black,258,4," KES 1,561,387.00 "
Mercedes,33544,0.100838734,Silver,180,3," KES 1,633,296.00 "
Chevrolet,297548,0.119417812,Green,226,14," KES 8,244,852.00 "
Chevrolet,265175,0.123246432,Silver,128,13," KES 5,302,227.00 "
Honda,43011,0.057120521,Red,181,4," KES 4,053,559.00 "
Kia,46496,0.124212779,Green,158,5," KES 6,212,487.00 "
Nissan,221145,0.147212693,Red,440,7," KES 2,553,120.00 "
Toyota,83374,0.099322694,Grey,389,9," KES 2,945,085.00 "
Ford,112598,0.121185534,Red,210,14," KES 4,918,054.00 "
Honda,34886,0.134736656,Grey,290,14," KES 7,873,876.00 "
Audi,180676,0.160164062,Silver,327,6," KES 4,437,588.00 "
BMW,136756,0.088394237,Silver,138,11," KES 1,907,597.00 "
Audi,280057,0.179511879,Red,299,10," KES 6,147,089.00 "
Honda,9106,0.157620364,White,363,14," KES 597,482.00 "
Nissan,184646,0.188941398,Black,127,12," KES 3,192,142.00 "
Audi,179010,0.150215488,Red,271,2," KES 2,861,567.00 "
Honda,82732,0.063387481,Green,177,13," KES 4,187,591.00 "
Nissan,42782,0.064617101,White,361,6," KES 9,500,178.00 "
Chevrolet,57609,0.13319013,Green,207,14," KES 3,247,764.00 "
Hyundai,81053,0.104921944,Black,275,13," KES 6,231,816.00 "
Toyota,141757,0.072735458,Red,146,12," KES 7,722,462.00 "
BMW,290665,0.105260315,Silver,436,3," KES 8,256,895.00 "
Toyota,167484,0.08504613,Grey,120,14," KES 1,767,940.00 "
Toyota,101163,0.152912968,Black,131,10," KES 8,840,906.00 "
Hyundai,268499,0.154188557,Grey,264,14," KES 2,949,680.00 "
Audi,166179,0.084762362,White,448,12," KES 2,970,736.00 "
Audi,72711,0.061395123,Blue,141,6," KES 5,022,830.00 "
Kia,266548,0.153258575,Red,124,4," KES 8,009,335.00 "
BMW,236224,0.173461918,Red,460,5," KES 2,167,275.00 "
Ford,200222,0.109794861,Red,431,14," KES 9,508,354.00 "
Ford,124536,0.057293756,Black,168,9," KES 3,019,812.00 "
Toyota,164804,0.105933849,Red,359,11," KES 1,681,089.00 "
Chevrolet,57684,0.167611919,Blue,293,9," KES 6,015,387.00 "
Nissan,86799,0.10626692,Silver,178,13," KES 5,571,690.00 "
BMW,281339,0.055317228,Green,376,13," KES 5,886,766.00 "
BMW,165895,0.083563902,Blue,343,5," KES 9,642,077.00 "
BMW,78040,0.089245032,White,188,11," KES 6,427,130.00 "
Ford,70820,0.144008036,Grey,494,3," KES 7,778,651.00 "
Kia,173082,0.166344986,Green,410,12," KES 9,015,037.00 "
Kia,38254,0.080814717,Silver,272,5," KES 7,887,418.00 "
Kia,15462,0.11214499,Blue,254,3," KES 7,939,070.00 "
Honda,74451,0.087633764,Blue,217,5," KES 4,205,221.00 "
Audi,208209,0.160832778,Black,363,11," KES 6,142,302.00 "
Nissan,69650,0.119238556,Blue,416,14," KES 9,305,347.00 "
Mercedes,121052,0.164174947,White,372,8," KES 1,924,986.00 "
Hyundai,85886,0.062290964,Blue,356,5," KES 9,705,559.00 "
BMW,148864,0.19310639,Silver,181,6," KES 8,381,450.00 "
Mercedes,162797,0.087047008,Green,365,8," KES 9,596,415.00 "
Kia,242429,0.179555803,White,435,5," KES 5,485,328.00 "
Audi,79514,0.081125146,Green,420,9," KES 1,878,983.00 "
Mercedes,42790,0.110070424,Grey,181,7," KES 4,240,073.00 "
Mercedes,74276,0.153521557,White,191,12," KES 4,503,002.00 "
Toyota,79403,0.109412871,Blue,330,3," KES 8,374,614.00 "
Audi,199583,0.119019898,Black,394,5," KES 3,503,396.00 "
Hyundai,64773,0.086060143,Black,440,7," KES 2,388,731.00 "
Hyundai,221216,0.19135192,Green,227,12," KES 3,943,740.00 "
Hyundai,72426,0.18355549,Grey,344,14," KES 2,337,169.00 "
Chevrolet,90808,0.102172928,Red,469,10," KES 5,055,425.00 "
Honda,242962,0.190820615,Blue,485,12," KES 5,786,218.00 "
Hyundai,203200,0.07661895,White,182,7," KES 3,805,016.00 "
Honda,43102,0.067270874,Red,155,10," KES 9,755,073.00 "
Toyota,115924,0.05267196,Silver,118,3," KES 6,579,296.00 "
Toyota,13679,0.151242969,Silver,372,10," KES 4,501,239.00 "
Kia,246022,0.120055517,Silver,488,11," KES 4,151,661.00 "
BMW,109994,0.162418086,Red,442,10," KES 2,783,747.00 "
Honda,70353,0.096543932,Blue,349,5," KES 525,313.00 "
Chevrolet,46671,0.198263911,Black,498,13," KES 9,876,763.00 "
BMW,29447,0.063477409,White,386,7," KES 1,049,685.00 "
Hyundai,298398,0.169861104,Blue,122,8," KES 9,561,871.00 "
Mercedes,274286,0.134011909,Grey,415,2," KES 2,291,049.00 "
Kia,295017,0.060575457,Red,181,12," KES 3,418,723.00 "
Chevrolet,37593,0.151626899,Black,349,8," KES 7,466,056.00 "
Honda,93183,0.07013808,Silver,143,9," KES 3,902,529.00 "
Honda,191782,0.093650963,Black,468,13," KES 7,668,423.00 "
Mercedes,248731,0.144943842,Black,489,9," KES 3,441,195.00 "
Audi,290543,0.088026338,Blue,341,9," KES 3,328,523.00 "
Toyota,136528,0.16527398,White,299,8," KES 8,775,569.00 "
Honda,36714,0.052554618,Blue,143,5," KES 9,079,891.00 "
Toyota,220062,0.070918446,Green,185,14," KES 1,170,074.00 "
BMW,86998,0.106308013,Silver,312,12," KES 7,052,546.00 "
Ford,235698,0.187819443,Blue,493,2," KES 8,240,975.00 "
Kia,23701,0.10555624,Green,257,12," KES 6,237,648.00 "
Toyota,110628,0.102978148,Black,421,4," KES 4,020,775.00 "
Chevrolet,125384,0.079198667,White,163,4," KES 2,351,111.00 "
Toyota,221654,0.058062456,White,449,13," KES 6,137,787.00 "
Honda,110540,0.139829184,Grey,490,5," KES 1,646,390.00 "
Kia,109927,0.158176064,Red,436,12," KES 1,306,595.00 "
Nissan,105906,0.098585516,Green,331,4," KES 4,942,790.00 "
Mercedes,271718,0.061676902,Red,465,6," KES 1,034,756.00 "
BMW,43208,0.073143572,Silver,131,11," KES 9,889,920.00 "
Mercedes,219976,0.109703163,Black,261,2," KES 6,460,278.00 "
Toyota,20158,0.092907246,Black,376,4," KES 8,694,666.00 "
Toyota,85157,0.121914513,Grey,166,9," KES 5,092,524.00 "
Honda,3595,0.198522541,Grey,186,10," KES 854,673.00 "
Kia,270625,0.174212143,Red,406,4," KES 1,494,864.00 "
Toyota,201465,0.117469475,White,216,11," KES 5,582,275.00 "
Audi,268760,0.134422449,Red,228,4," KES 1,778,126.00 "
Honda,223099,0.132707475,Silver,358,13," KES 8,896,216.00 "
Ford,141480,0.168762975,Grey,151,2," KES 1,827,039.00 "
Nissan,240249,0.138662185,Black,332,13," KES 792,195.00 "
Mercedes,197848,0.116707861,Green,346,6," KES 9,146,275.00 "
Mercedes,190182,0.063981232,Silver,176,2," KES 3,398,100.00 "
Nissan,167873,0.179216801,Black,103,9," KES 6,477,022.00 "
Hyundai,194019,0.063179946,Blue,327,5," KES 7,295,777.00 "
Ford,117109,0.188125717,Grey,447,8," KES 3,639,997.00 "
Mercedes,278788,0.177856316,Grey,372,6," KES 2,721,255.00 "
Mercedes,292650,0.053518144,Green,159,12," KES 593,633.00 "
Honda,212326,0.136806855,Blue,366,6," KES 8,411,120.00 "
Nissan,102408,0.106214021,Silver,142,5," KES 5,285,427.00 "
Hyundai,38172,0.057101782,Red,180,4," KES 6,534,031.00 "
Ford,297479,0.132967872,Grey,302,7," KES 683,899.00 "
Audi,154234,0.054138713,Grey,462,2," KES 4,294,682.00 "
Mercedes,14232,0.122176314,White,127,8," KES 1,689,912.00 "
Toyota,79775,0.068895691,Black,390,3," KES 5,325,374.00 "
Toyota,225388,0.115681499,Red,150,2," KES 1,860,514.00 "
BMW,225165,0.063036831,White,432,5," KES 9,506,534.00 "
Nissan,56096,0.16560598,White,411,6," KES 7,111,433.00 "
Chevrolet,138593,0.109920202,White,450,11," KES 9,223,772.00 "
BMW,610,0.077047535,Black,181,12," KES 8,003,770.00 "
Audi,197239,0.080398589,Grey,394,9," KES 7,384,548.00 "
Mercedes,140409,0.178301295,White,419,8," KES 7,865,269.00 "
Chevrolet,169221,0.104403643,Green,258,12," KES 3,139,647.00 "
Nissan,295038,0.127273497,Grey,417,10," KES 6,637,052.00 "
Hyundai,206133,0.179499987,White,465,7," KES 5,440,029.00 "
Mercedes,80528,0.161923004,Green,403,14," KES 8,977,065.00 "
BMW,31086,0.095811317,White,328,9," KES 5,008,613.00 "
Chevrolet,95097,0.061120272,Blue,273,6," KES 4,673,598.00 "
Honda,187194,0.103803459,White,264,7," KES 3,017,937.00 "
Chevrolet,29339,0.19664901,Grey,357,7," KES 9,314,038.00 "
Kia,291190,0.173471551,Green,167,2," KES 7,060,238.00 "
Kia,267790,0.077601891,Black,168,9," KES 1,818,363.00 "
BMW,59238,0.182916855,Black,338,5," KES 3,328,053.00 "
Chevrolet,73104,0.121456077,Green,215,12," KES 4,585,832.00 "
Kia,293147,0.081216265,Grey,316,8," KES 2,954,511.00 "
Mercedes,183991,0.140151124,Green,145,7," KES 6,909,567.00 "
Kia,200220,0.192138277,Red,433,14," KES 4,525,016.00 "
Nissan,258942,0.051097033,Red,424,2," KES 9,124,728.00 "
Kia,223439,0.07906754,Green,353,14," KES 446,362.00 "
Kia,43413,0.076643136,Red,278,9," KES 1,962,417.00 "
Hyundai,230489,0.092851149,Red,166,8," KES 3,633,320.00 "
Kia,259091,0.080305586,White,194,10," KES 9,913,870.00 "
Honda,11143,0.125987569,Grey,357,3," KES 7,603,614.00 "
Chevrolet,33551,0.136205547,Red,305,2," KES 3,454,875.00 "
Hyundai,78019,0.050856347,White,161,5," KES 2,916,005.00 "
Chevrolet,167939,0.130568375,Black,155,14," KES 2,438,475.00 "
Audi,95207,0.156167798,Grey,458,14," KES 1,101,633.00 "
Honda,206534,0.191308312,Black,201,12," KES 8,370,462.00 "
Audi,59201,0.126972069,Silver,291,12," KES 3,227,777.00 "
Audi,143171,0.172803212,Blue,214,6," KES 4,811,456.00 "
Audi,10830,0.112572472,Black,304,11," KES 1,601,222.00 "
Audi,39541,0.158269687,Black,117,10," KES 1,631,940.00 "
Chevrolet,37850,0.190355019,Green,104,9," KES 2,300,571.00 "
Hyundai,262046,0.09957936,Green,496,13," KES 5,678,532.00 "
BMW,28251,0.182583776,Red,179,14," KES 513,460.00 "
Honda,160915,0.138230182,White,317,9," KES 8,456,209.00 "
Audi,19548,0.19091281,Grey,216,4," KES 4,084,229.00 "
Audi,9554,0.128494017,Silver,414,11," KES 7,502,481.00 "
Mercedes,102272,0.148095594,Grey,312,9," KES 1,878,607.00 "
Mercedes,175419,0.102716894,Blue,146,12," KES 9,758,043.00 "
Honda,236725,0.058840944,Grey,329,8," KES 8,967,310.00 "
Hyundai,292642,0.164092782,Silver,149,11," KES 5,706,402.00 "
Mercedes,33679,0.059018374,Grey,392,11," KES 2,974,489.00 "
BMW,263439,0.064957525,Green,487,9," KES 1,563,426.00 "
Mercedes,195265,0.051569131,Green,465,10," KES 1,588,632.00 "
Mercedes,55693,0.193783638,Silver,199,9," KES 9,584,318.00 "
Hyundai,198794,0.131076176,Grey,125,5," KES 4,100,282.00 "
Kia,40629,0.140259243,Blue,143,4," KES 6,356,745.00 "
Nissan,241357,0.184969369,White,434,10," KES 9,081,506.00 "
Hyundai,280008,0.070082697,Blue,251,7," KES 2,568,758.00 "
BMW,211787,0.199616938,Blue,389,9," KES 7,323,353.00 "
Audi,231707,0.063527123,Black,476,4," KES 4,252,993.00 "
Nissan,227300,0.141482965,Red,239,5," KES 8,459,350.00 "
Mercedes,238713,0.106840331,Green,354,6," KES 8,358,303.00 "
Chevrolet,281155,0.126658719,Green,275,10," KES 7,418,084.00 "
Kia,296853,0.17850326,Red,162,12," KES 8,693,946.00 "
Nissan,218671,0.163695467,Blue,116,7," KES 2,522,259.00 "
Toyota,77257,0.193622251,Red,266,6," KES 8,950,711.00 "
BMW,213276,0.071790088,Grey,214,4," KES 9,930,747.00 "
Honda,213095,0.100491113,White,298,9," KES 1,443,170.00 "
Kia,26644,0.151334747,White,379,10," KES 1,400,593.00 "
Hyundai,70483,0.105894882,Red,249,2," KES 9,290,357.00 "
Mercedes,6486,0.159184119,Green,359,13," KES 7,294,706.00 "
Audi,264553,0.140625894,Blue,367,14," KES 4,418,833.00 "
BMW,25422,0.069822115,Green,373,2," KES 8,548,190.00 "
Chevrolet,132638,0.141858445,Green,109,6," KES 1,001,390.00 "
Chevrolet,83071,0.126288409,Silver,234,9," KES 4,933,340.00 "
Audi,184387,0.123822881,Grey,191,4," KES 2,102,905.00 "
Toyota,28073,0.134268053,Blue,454,10," KES 2,895,394.00 "
Chevrolet,9595,0.10030457,Grey,392,10," KES 6,183,327.00 "
BMW,190045,0.195571185,Green,385,12," KES 1,826,688.00 "
Kia,226475,0.066117389,Black,313,3," KES 9,399,236.00 "
Nissan,220119,0.156920699,Grey,290,6," KES 4,612,419.00 "
Kia,23273,0.172432516,Silver,491,14," KES 7,422,824.00 "
Mercedes,297583,0.1346499,Red,493,4," KES 2,997,868.00 "
Chevrolet,258915,0.16841449,Green,469,4," KES 1,247,352.00 "
Audi,29958,0.050444752,Silver,162,14," KES 4,162,855.00 "
Nissan,72747,0.092977531,Red,427,4," KES 608,361.00 "
Hyundai,39060,0.175036396,Blue,487,8," KES 3,000,475.00 "
Mercedes,2024,0.124529282,Black,272,8," KES 5,654,426.00 "
Mercedes,118970,0.183186277,Silver,475,5," KES 1,390,757.00 "
Audi,6656,0.06752296,Grey,474,3," KES 7,257,983.00 "
BMW,190524,0.160863969,Green,115,8," KES 6,856,175.00 "
BMW,264906,0.169919174,Grey,361,11," KES 8,262,322.00 "
Audi,278007,0.141841236,Grey,115,7," KES 6,708,632.00 "
Nissan,228045,0.118817403,Black,182,5," KES 1,264,290.00 "
Nissan,103722,0.187944531,Silver,347,4," KES 3,132,657.00 "
Toyota,191470,0.154562157,Black,307,5," KES 5,597,917.00 "
Toyota,167884,0.125152256,Grey,152,5," KES 3,699,781.00 "
Nissan,70448,0.126340489,Red,464,7," KES 8,128,993.00 "
Nissan,61191,0.08838349,Red,238,9," KES 2,269,459.00 "
Kia,18310,0.187948542,Grey,171,7," KES 1,866,512.00 "
Kia,221373,0.132476699,Blue,234,2," KES 9,389,026.00 "
Mercedes,65287,0.085383484,Black,442,9," KES 1,792,454.00 "
Kia,178625,0.059952829,Blue,360,10," KES 7,893,982.00 "
Chevrolet,41590,0.1683642,Blue,115,3," KES 4,781,567.00 "
Ford,139589,0.197634853,Grey,358,13," KES 3,885,954.00 "
Mercedes,195430,0.189872207,Grey,292,5," KES 7,661,670.00 "
Mercedes,101698,0.137977339,Red,424,13," KES 7,151,948.00 "
Honda,240181,0.199607916,Blue,443,13," KES 4,704,519.00 "
Chevrolet,141794,0.092967011,Green,384,10," KES 7,297,039.00 "
Audi,82326,0.087343306,Silver,491,7," KES 1,719,076.00 "
Honda,80301,0.159059838,Red,183,4," KES 694,334.00 "
BMW,58528,0.166203865,Black,483,5," KES 9,879,715.00 "
Ford,281273,0.120654888,Grey,105,9," KES 5,243,629.00 "
Nissan,214366,0.175378672,Black,150,14," KES 6,807,684.00 "
Mercedes,14086,0.119603714,Green,159,7," KES 3,539,863.00 "
Toyota,33138,0.076480663,Silver,254,7," KES 8,925,233.00 "
Mercedes,298913,0.117720164,Blue,181,8," KES 7,030,588.00 "
Audi,183889,0.080699324,Red,267,4," KES 1,130,034.00 "
Toyota,13141,0.107389826,Silver,199,14," KES 4,296,531.00 "
Nissan,152126,0.056920117,Blue,455,13," KES 7,343,379.00 "
Honda,211083,0.081086487,Green,184,10," KES 7,009,526.00 "
BMW,126287,0.183338234,Blue,279,7," KES 6,471,581.00 "
Honda,69463,0.150675421,Black,153,10," KES 780,188.00 "
BMW,295716,0.130874183,Grey,249,11," KES 3,041,146.00 "
Ford,230834,0.069596427,White,259,7," KES 4,035,863.00 "
Mercedes,233832,0.159159285,Green,282,9," KES 7,875,974.00 "
Mercedes,228997,0.076017626,Green,196,3," KES 4,009,075.00 "
BMW,17894,0.194768789,Grey,419,8," KES 1,393,157.00 "
Toyota,42858,0.194152383,Red,422,9," KES 8,122,050.00 "
BMW,139217,0.067605843,Silver,455,5," KES 5,986,336.00 "
BMW,197486,0.054769862,Black,107,3," KES 5,349,690.00 "
Toyota,247123,0.057763285,Silver,368,14," KES 945,855.00 "
Mercedes,240468,0.138763531,Blue,180,9," KES 9,759,420.00 "
Mercedes,71387,0.121711514,Silver,477,7," KES 1,632,598.00 "
Ford,50357,0.193465141,Red,479,2," KES 4,640,738.00 "
Honda,85446,0.070673204,Blue,185,11," KES 5,429,857.00 "
Audi,265270,0.144810648,Green,220,2," KES 7,112,171.00 "
BMW,53149,0.139861582,White,215,12," KES 5,336,394.00 "
Honda,7827,0.059031234,Silver,218,6," KES 7,644,823.00 "
Mercedes,97583,0.120820094,White,288,14," KES 8,316,614.00 "
Audi,18061,0.127643938,Red,178,12," KES 1,838,928.00 "
Honda,292567,0.05139123,Grey,467,13," KES 4,848,916.00 "
Kia,296802,0.06467737,White,177,6," KES 4,247,701.00 "
Mercedes,237339,0.116013021,Grey,278,3," KES 1,926,972.00 "
Nissan,215423,0.170856193,Red,409,12," KES 7,968,700.00 "
Ford,295401,0.182420057,Blue,274,10," KES 5,145,245.00 "
Toyota,4103,0.108392716,Black,219,11," KES 2,321,328.00 "
Kia,289114,0.083410794,Grey,206,7," KES 8,962,397.00 "
Kia,58739,0.185750182,Green,152,12," KES 4,290,715.00 "
Kia,20536,0.172734819,Red,432,13," KES 5,092,699.00 "
Nissan,1552,0.163889572,Red,386,8," KES 877,540.00 "
Honda,236623,0.169173962,Blue,215,9," KES 789,958.00 "
Nissan,140992,0.138821406,Silver,376,8," KES 1,703,592.00 "
Hyundai,36256,0.178731812,Black,165,10," KES 7,614,813.00 "
Toyota,70225,0.183884934,Green,391,5," KES 5,981,821.00 "
BMW,37337,0.172182448,Grey,431,6," KES 1,069,869.00 "
Audi,162980,0.161448621,Blue,402,14," KES 2,867,031.00 "
Audi,281725,0.199874586,Silver,389,3," KES 6,637,377.00 "
Mercedes,49501,0.199161678,Green,318,13," KES 3,919,617.00 "
Chevrolet,17626,0.16104256,Blue,429,6," KES 7,238,416.00 "
Hyundai,230312,0.137774145,Blue,193,7," KES 481,491.00 "
Honda,153456,0.198617534,Blue,170,13," KES 9,165,118.00 "
BMW,190555,0.132269825,Red,207,14," KES 9,764,773.00 "
Chevrolet,293029,0.052714147,Grey,265,10," KES 5,125,387.00 "
Mercedes,219618,0.109223407,White,444,8," KES 5,917,206.00 "
Mercedes,90759,0.193040267,Silver,130,13," KES 9,471,227.00 "
Ford,295996,0.183550081,Green,323,10," KES 8,137,022.00 "
Kia,287630,0.127524377,White,319,4," KES 4,957,429.00 "
BMW,282305,0.170529001,Red,231,3," KES 9,686,100.00 "
Kia,112723,0.159712581,Black,311,9," KES 5,113,273.00 "
Honda,82152,0.089037374,Red,303,2," KES 4,083,375.00 "
Mercedes,47407,0.194504564,White,355,10," KES 4,280,415.00 "
Chevrolet,20387,0.157498894,White,311,14," KES 8,372,593.00 "
Audi,153511,0.093385317,Green,471,9," KES 2,829,254.00 "
BMW,83824,0.115261017,Silver,161,8," KES 3,528,491.00 "
BMW,43054,0.123663822,White,387,5," KES 7,606,712.00 "
Chevrolet,283524,0.135633706,Black,149,3," KES 7,038,009.00 "
BMW,33036,0.162334515,Silver,243,14," KES 7,404,858.00 "
Toyota,163588,0.090846432,Grey,210,13," KES 7,426,614.00 "
Toyota,154506,0.098059785,Red,247,11," KES 411,755.00 "
Chevrolet,18296,0.149886522,Black,292,2," KES 5,251,009.00 "
Hyundai,61782,0.074818742,Blue,263,12," KES 8,645,328.00 "
Audi,184771,0.050577855,Red,153,4," KES 4,260,437.00 "
Hyundai,199597,0.160605886,Green,154,7," KES 2,962,978.00 "
Toyota,72263,0.135671203,Blue,179,2," KES 9,850,782.00 "
Hyundai,128084,0.087446628,Silver,383,2," KES 8,070,307.00 "
Toyota,170440,0.174642388,Black,287,3," KES 7,380,541.00 "
BMW,63360,0.079728753,Green,317,5," KES 8,371,747.00 "
Honda,147542,0.185360421,Black,405,7," KES 3,577,749.00 "
Chevrolet,179307,0.127847315,Silver,139,9," KES 4,580,856.00 "
Hyundai,172721,0.086520924,Silver,130,13," KES 5,278,057.00 "
Nissan,287370,0.10931614,Silver,105,9," KES 1,389,106.00 "
Ford,107981,0.184506381,Blue,127,2," KES 6,205,042.00 "
BMW,77128,0.121841517,Green,224,9," KES 3,891,059.00 "
Ford,63660,0.060133638,Silver,416,4," KES 923,951.00 "
Toyota,71645,0.05367806,Black,273,5," KES 3,067,518.00 "
Ford,250925,0.097793313,Black,331,8," KES 861,496.00 "
Ford,161409,0.09371625,Green,440,14," KES 4,382,319.00 "
Nissan,265763,0.066031977,Grey,146,5," KES 6,219,478.00 "
Chevrolet,252717,0.05360463,Green,289,9," KES 884,114.00 "
Chevrolet,261372,0.157136731,Red,458,8," KES 4,861,008.00 "
Kia,212064,0.194705711,Blue,183,11," KES 816,953.00 "
Audi,141976,0.164636345,Silver,127,7," KES 1,735,101.00 "
Mercedes,245163,0.092534316,Green,240,7," KES 6,178,133.00 "
Honda,217016,0.125747658,Black,229,6," KES 2,188,767.00 "
Ford,126289,0.078965385,Blue,142,14," KES 707,083.00 "
Ford,242884,0.158533078,Green,243,5," KES 9,710,204.00 "
Ford,89363,0.063784679,White,251,2," KES 9,214,233.00 "
Nissan,137183,0.14236032,Red,166,11," KES 5,521,014.00 "
Honda,194794,0.157380591,Silver,413,3," KES 8,724,247.00 "
Honda,110585,0.124012748,Black,310,9," KES 4,441,318.00 "
Audi,171361,0.180609609,Green,359,5," KES 1,733,209.00 "
Nissan,255429,0.074761825,Grey,208,9," KES 4,535,084.00 "
Audi,148804,0.183451873,Green,487,11," KES 8,445,068.00 "
Nissan,113453,0.186122801,Blue,267,3," KES 6,122,543.00 "
Toyota,251451,0.167977974,Silver,495,3," KES 6,293,463.00 "
Ford,125787,0.066222284,Silver,134,10," KES 4,250,405.00 "
Audi,179454,0.050609895,Red,347,14," KES 5,339,371.00 "
Nissan,288780,0.063284709,Red,202,7," KES 8,676,554.00 "
BMW,173748,0.18063113,Red,210,14," KES 5,971,393.00 "
BMW,286898,0.067311417,Black,148,10," KES 9,499,651.00 "
Nissan,259467,0.098458725,Blue,368,9," KES 9,246,965.00 "
Hyundai,104030,0.070540997,Grey,254,6," KES 8,473,567.00 "
Audi,149294,0.07167754,Blue,471,13," KES 8,157,376.00 "
Ford,181636,0.159969154,Silver,267,11," KES 6,148,566.00 "
Hyundai,39828,0.191126255,Silver,416,4," KES 3,963,347.00 "
BMW,119158,0.14225874,Blue,344,12," KES 8,614,405.00 "
BMW,243360,0.169125668,White,230,8," KES 2,828,226.00 "
Ford,90211,0.161667064,White,281,13," KES 5,321,163.00 "
Kia,248045,0.067350265,White,233,7," KES 6,960,252.00 "
Hyundai,217175,0.102021117,Green,445,9," KES 8,004,223.00 "
Honda,177834,0.163036262,Grey,369,6," KES 1,463,151.00 "
Honda,274828,0.060686515,White,367,12," KES 3,013,310.00 "
Honda,267925,0.097784005,Black,440,13," KES 1,243,132.00 "
Honda,210376,0.134822588,Silver,475,8," KES 3,957,423.00 "
BMW,172192,0.130840584,Black,275,8," KES 4,937,687.00 "
Honda,84671,0.181931856,Blue,113,5," KES 5,391,393.00 "
Ford,47825,0.131963413,Silver,390,12," KES 2,265,589.00 "
Nissan,217538,0.181492292,White,250,2," KES 6,313,461.00 "
Hyundai,156989,0.112762577,Red,411,9," KES 7,089,528.00 "
Ford,5875,0.166715715,Silver,461,13," KES 3,734,913.00 "
Kia,299899,0.109486494,Black,255,7," KES 9,906,973.00 "
Honda,35794,0.160497332,White,157,9," KES 9,717,163.00 "
Honda,99007,0.145109223,Black,380,8," KES 1,687,831.00 "
Chevrolet,27857,0.130225004,Red,308,2," KES 1,278,663.00 "
Honda,234588,0.059412776,Green,295,12," KES 2,647,662.00 "
BMW,10622,0.133624027,Grey,480,5," KES 7,597,745.00 "
Mercedes,198474,0.184893149,Black,345,3," KES 391,107.00 "
Hyundai,27595,0.128886637,Red,354,14," KES 2,217,506.00 "
Honda,278505,0.09454671,Black,127,10," KES 4,203,614.00 "
Chevrolet,124997,0.127229589,Silver,223,2," KES 2,169,565.00 "
Kia,44591,0.110842299,Silver,358,9," KES 6,845,725.00 "
Audi,236403,0.053448212,Blue,408,12," KES 3,906,243.00 "
Toyota,71226,0.089316731,Grey,458,6," KES 8,306,015.00 "
Nissan,95984,0.192191503,White,224,11," KES 2,073,448.00 "
Chevrolet,174802,0.178764603,Green,453,4," KES 3,450,433.00 "
Mercedes,289594,0.098439546,Black,188,10," KES 1,169,477.00 "
Chevrolet,227796,0.056876296,Blue,363,11," KES 3,898,408.00 "
Honda,213180,0.170423642,Blue,252,8," KES 8,879,267.00 "
Nissan,43464,0.191477212,Black,456,6," KES 2,413,514.00 "
Ford,158233,0.07327418,Green,426,2," KES 8,665,355.00 "
Audi,178328,0.168653166,Grey,230,12," KES 1,688,400.00 "
Chevrolet,146227,0.112538215,Black,232,11," KES 3,336,668.00 "
Audi,127537,0.128612105,Black,347,12," KES 9,660,354.00 "
Chevrolet,257038,0.057590499,Grey,384,8," KES 7,303,735.00 "
Ford,29921,0.149905316,Blue,446,6," KES 1,645,226.00 "
Audi,171495,0.080281984,Red,104,8," KES 2,567,461.00 "
Chevrolet,214678,0.069698674,Red,367,4," KES 3,937,904.00 "
Ford,298775,0.160115135,White,272,6," KES 9,980,526.00 "
Ford,20620,0.053009835,Black,474,14," KES 4,894,189.00 "
Audi,293917,0.145445807,Black,239,3," KES 8,451,019.00 "
Kia,186745,0.147792901,Red,495,12," KES 9,738,789.00 "
Chevrolet,16824,0.067450271,Green,155,9," KES 1,672,677.00 "
Audi,97721,0.138623167,Green,256,2," KES 1,956,367.00 "
Chevrolet,173722,0.118933786,Red,426,9," KES 2,849,729.00 "
Ford,253681,0.082897098,White,367,5," KES 5,565,480.00 "
Toyota,28398,0.072847961,Grey,328,12," KES 9,847,287.00 "
Ford,298258,0.178130656,Blue,124,9," KES 5,190,200.00 "
Ford,232662,0.083157723,Blue,284,6," KES 2,487,246.00 "
Ford,72124,0.076706218,Green,488,8," KES 7,354,650.00 "
Ford,43337,0.139980398,Red,143,5," KES 6,298,113.00 "
BMW,54129,0.06810008,White,214,7," KES 7,712,118.00 "
Kia,284865,0.051358516,Red,444,11," KES 6,057,579.00 "
Audi,94610,0.177893653,White,349,10," KES 7,609,923.00 "
BMW,59387,0.136889811,Black,310,10," KES 4,039,208.00 "
Toyota,198824,0.110450086,White,259,7," KES 9,983,893.00 "
Nissan,258139,0.100640132,Green,285,5," KES 3,186,121.00 "
BMW,201418,0.057902372,Red,455,12," KES 1,800,728.00 "
Mercedes,171231,0.095605527,Silver,323,2," KES 4,856,238.00 "
Toyota,69029,0.068772309,Black,321,11," KES 5,364,224.00 "
BMW,172272,0.101591517,Grey,129,4," KES 6,076,148.00 "
Nissan,20422,0.138095691,Silver,362,5," KES 6,753,312.00 "
Kia,16004,0.069279277,Silver,196,13," KES 2,241,343.00 "
Chevrolet,18515,0.121129331,White,271,12," KES 3,547,078.00 "
Hyundai,161822,0.155617609,Green,430,10," KES 2,740,704.00 "
Mercedes,241208,0.193801655,Black,184,11," KES 792,800.00 "
Toyota,32154,0.101812413,White,345,6," KES 1,511,483.00 "
Hyundai,156229,0.162740612,Silver,359,3," KES 439,997.00 "
Toyota,185227,0.171251351,Green,257,3," KES 1,300,445.00 "
Kia,125958,0.112920241,White,324,8," KES 5,616,120.00 "
Nissan,93259,0.069963133,Red,200,11," KES 1,936,866.00 "
BMW,241612,0.124811228,Grey,190,2," KES 4,162,672.00 "
Chevrolet,44408,0.151105833,Red,198,5," KES 9,207,444.00 "
Audi,49556,0.182228112,Silver,263,8," KES 4,083,036.00 "
Chevrolet,154670,0.064438849,Red,488,9," KES 4,006,989.00 "
Toyota,114913,0.147534186,Green,138,13," KES 8,202,200.00 "
Chevrolet,42665,0.100812782,Grey,327,14," KES 5,266,215.00 "
Audi,70051,0.126573205,Blue,260,10," KES 9,064,107.00 "
Nissan,58420,0.089004908,White,341,11," KES 4,344,377.00 "
Nissan,84647,0.118551737,Black,279,4," KES 2,699,100.00 "
Kia,133392,0.161865473,Blue,181,4," KES 6,983,122.00 "
Audi,203776,0.126001556,Blue,192,3," KES 526,414.00 "
Ford,35752,0.191956112,Red,462,2," KES 6,869,940.00 "
Chevrolet,205563,0.138542597,White,252,6," KES 9,858,480.00 "
Chevrolet,133531,0.06653813,Grey,202,6," KES 5,611,504.00 "
Nissan,233462,0.107612816,Silver,163,3," KES 7,434,977.00 "
Kia,74504,0.177655052,Blue,457,4," KES 6,720,511.00 "
Ford,243291,0.136200909,Red,266,4," KES 7,123,611.00 "
Chevrolet,205395,0.144085153,Silver,344,6," KES 1,564,840.00 "
Nissan,296997,0.187348509,Silver,344,6," KES 2,577,591.00 "
Ford,217431,0.149997064,Grey,425,9," KES 4,801,164.00 "
Ford,173072,0.077228179,Grey,134,6," KES 7,806,878.00 "
Nissan,213899,0.148372813,White,174,14," KES 7,199,363.00 "
Toyota,6691,0.079399874,Silver,313,4," KES 8,130,195.00 "
Honda,67782,0.134073774,Grey,288,8," KES 9,270,307.00 "
Toyota,157132,0.197249298,Green,329,5," KES 3,525,725.00 "
Ford,263370,0.106182172,Black,487,10," KES 6,164,938.00 "
Nissan,182267,0.054309256,Silver,327,2," KES 2,834,831.00 "
Kia,287555,0.197175837,Grey,172,2," KES 3,370,745.00 "
Ford,204140,0.124779246,Black,332,7," KES 9,775,445.00 "
Honda,287873,0.096625199,White,172,11," KES 7,188,595.00 "
Nissan,256144,0.184578896,White,464,12," KES 7,664,528.00 "
Hyundai,276745,0.122142074,Blue,402,8," KES 7,269,384.00 "
Honda,3697,0.129580325,Grey,480,14," KES 2,195,315.00 "
Mercedes,197721,0.102603782,Black,492,4," KES 7,368,872.00 "
Ford,187268,0.056775407,White,324,4," KES 6,788,268.00 "
Audi,17218,0.06542819,Red,436,14," KES 5,223,685.00 "
BMW,295694,0.17888841,Black,321,6," KES 7,283,664.00 "
Kia,225815,0.154378465,Red,361,2," KES 1,416,869.00 "
Kia,5136,0.191096719,Green,376,6," KES 2,821,964.00 "
Nissan,196007,0.128444497,Red,141,2," KES 2,353,971.00 "
Nissan,250352,0.072057488,White,369,4," KES 6,334,382.00 "
Toyota,236483,0.103243529,Red,293,11," KES 7,147,645.00 "
BMW,76153,0.081854082,Blue,357,2," KES 1,537,843.00 "
Chevrolet,188510,0.066004202,Silver,451,9," KES 4,899,406.00 "
BMW,128954,0.122761253,Silver,268,11," KES 4,325,878.00 "
Audi,183749,0.145426251,Green,326,8," KES 5,009,043.00 "
Toyota,169802,0.109430244,Green,104,14," KES 7,132,066.00 "
Kia,276411,0.05649373,Black,356,11," KES 9,389,822.00 "
BMW,234022,0.078470757,Black,419,7," KES 9,797,029.00 "
Nissan,112051,0.178381628,Silver,322,12," KES 5,060,447.00 "
Kia,11068,0.057886197,Black,384,7," KES 8,432,176.00 "
BMW,255139,0.156799,Grey,130,7," KES 7,292,363.00 "
Toyota,155767,0.184116732,Red,345,5," KES 3,846,298.00 "
Toyota,283161,0.111192414,Silver,220,14," KES 2,686,612.00 "
Honda,198116,0.194732952,Grey,130,9," KES 5,086,796.00 "
BMW,58616,0.129688938,Black,398,10," KES 7,928,399.00 "
Ford,138917,0.112059199,Red,139,14," KES 1,981,778.00 "
Audi,196934,0.088860327,White,309,10," KES 5,793,660.00 "
Honda,134460,0.07333077,Silver,198,11," KES 1,197,880.00 "
Chevrolet,240504,0.073389015,Grey,445,8," KES 1,881,825.00 "
BMW,81123,0.107949429,White,226,12," KES 2,946,961.00 "
Toyota,57558,0.115476801,Blue,159,5," KES 523,623.00 "
Chevrolet,265826,0.100861859,Red,288,3," KES 966,988.00 "
Kia,196761,0.19991248,Black,109,10," KES 2,013,810.00 "
BMW,10746,0.175414869,White,351,3," KES 3,909,660.00 "
Audi,12766,0.054972405,Blue,261,6," KES 3,640,377.00 "
Audi,202186,0.118985869,Blue,136,4," KES 1,159,955.00 "
Mercedes,42199,0.126913495,Red,320,13," KES 6,677,299.00 "
Kia,248554,0.106967295,Green,306,7," KES 696,996.00 "
BMW,82985,0.163756916,Green,497,13," KES 6,759,190.00 "
BMW,151913,0.191450254,Blue,308,8," KES 8,281,867.00 "
Hyundai,54821,0.166669197,White,251,13," KES 4,397,396.00 "
Ford,287178,0.083069552,Blue,150,4," KES 1,396,589.00 "
Kia,109209,0.112646817,Grey,442,4," KES 7,380,839.00 "
Audi,47649,0.091383358,Blue,236,6," KES 4,084,402.00 "
Nissan,19593,0.133612598,Silver,339,13," KES 6,301,496.00 "
Audi,148026,0.098984403,White,259,10," KES 2,374,243.00 "
Hyundai,125460,0.19871428,Green,440,2," KES 2,656,724.00 "
Ford,83945,0.153274516,White,348,8," KES 6,940,876.00 "
BMW,226692,0.053525811,Blue,449,6," KES 1,758,452.00 "
Kia,4606,0.147764854,Silver,407,8," KES 532,968.00 "
Chevrolet,212909,0.099486472,Black,326,4," KES 7,128,707.00 "
Audi,84963,0.14895716,Blue,213,14," KES 4,155,270.00 "
Chevrolet,206418,0.187046302,Grey,496,9," KES 2,805,838.00 "
Toyota,76232,0.077254646,White,350,4," KES 2,133,582.00 "
Toyota,160423,0.109813659,Black,353,2," KES 1,439,385.00 "
Kia,263841,0.12667821,Blue,489,9," KES 2,311,625.00 "
Toyota,269296,0.054850425,Black,167,2," KES 2,738,945.00 "
Mercedes,267293,0.105190859,Red,436,7," KES 9,655,818.00 "
BMW,86073,0.059724813,Green,361,12," KES 9,978,398.00 "
Mercedes,281100,0.175627106,Black,399,3," KES 1,233,923.00 "
Toyota,103531,0.054057422,Black,375,11," KES 4,949,503.00 "
Nissan,52181,0.053354947,Blue,375,5," KES 7,309,566.00 "
Hyundai,130861,0.108094272,Grey,176,14," KES 7,926,856.00 "
Hyundai,14808,0.183873617,White,412,5," KES 1,585,671.00 "
Honda,296908,0.19690613,Red,113,8," KES 1,624,624.00 "
Chevrolet,139089,0.102123781,Silver,124,6," KES 8,468,498.00 "
Audi,180625,0.162552322,Black,437,5," KES 2,137,706.00 "
Kia,233381,0.1100802,Silver,127,11," KES 1,954,374.00 "
Audi,40445,0.093404412,White,458,11," KES 7,743,749.00 "
Toyota,64905,0.10831088,Red,136,10," KES 561,519.00 "
Kia,277093,0.11380669,Black,441,4," KES 3,844,525.00 "
Nissan,145459,0.065196531,Grey,190,14," KES 2,004,440.00 "
BMW,232123,0.191545228,Grey,214,3," KES 6,291,879.00 "
Ford,289102,0.171879023,Black,377,3," KES 8,920,617.00 "
Audi,197866,0.097473281,Silver,406,6," KES 719,178.00 "
Hyundai,53597,0.189750002,Silver,177,7," KES 4,676,220.00 "
Chevrolet,99811,0.115613661,Grey,337,10," KES 7,381,769.00 "
Nissan,213651,0.13764374,Red,500,7," KES 5,422,906.00 "
Toyota,202421,0.134360407,Red,187,12," KES 9,230,145.00 "
Honda,103810,0.055237589,Green,318,4," KES 4,579,024.00 "
Audi,13840,0.163413447,Blue,214,3," KES 2,240,638.00 "
Ford,37376,0.140372604,Black,430,7," KES 7,118,878.00 "
Ford,110176,0.14073193,Black,174,3," KES 8,065,073.00 "
Mercedes,2985,0.168823226,Red,234,13," KES 6,911,848.00 "
BMW,206678,0.09521819,White,330,3," KES 6,749,173.00 "
Audi,141528,0.09227934,White,342,14," KES 5,895,127.00 "
Kia,40210,0.128861536,Black,200,10," KES 7,603,671.00 "
Audi,219498,0.145868567,Grey,395,14," KES 5,981,187.00 "
Audi,253708,0.10001901,Green,469,5," KES 6,903,388.00 "
Nissan,8416,0.177165637,Grey,219,8," KES 720,467.00 "
Ford,127013,0.128020208,Silver,451,5," KES 603,482.00 "
Audi,269839,0.112096723,Green,349,14," KES 5,003,283.00 "
Chevrolet,45262,0.126724823,Red,412,9," KES 2,827,425.00 "
Honda,236217,0.093699412,Blue,350,10," KES 4,886,439.00 "
Audi,67025,0.052074529,Black,458,2," KES 3,435,178.00 "
Toyota,50342,0.081082808,Black,257,3," KES 3,096,975.00 "
Honda,169347,0.192084839,Red,295,2," KES 8,254,751.00 "
Mercedes,85890,0.189634452,White,372,12," KES 3,246,798.00 "
Audi,196980,0.151679926,Blue,417,2," KES 3,243,762.00 "
Honda,168071,0.103507513,Red,283,11," KES 7,668,642.00 "
Mercedes,106820,0.138056335,Red,473,4," KES 6,668,554.00 "
Honda,234078,0.09180671,Grey,117,3," KES 6,954,130.00 "
Nissan,104129,0.112801085,Red,466,12," KES 7,834,061.00 "
Kia,77233,0.115123619,White,418,3," KES 4,648,125.00 "
Nissan,170538,0.097096464,Green,446,8," KES 8,245,512.00 "
Audi,66278,0.108432146,Red,466,11," KES 7,234,147.00 "
Mercedes,261878,0.069173558,White,478,2," KES 9,646,960.00 "
Hyundai,276258,0.122273034,Silver,115,9," KES 6,511,655.00 "
Chevrolet,231975,0.061663785,Black,139,12," KES 2,597,213.00 "
Mercedes,105192,0.17408046,Silver,436,6," KES 1,294,093.00 "
BMW,163442,0.135436534,White,187,14," KES 6,852,997.00 "
Hyundai,260583,0.122503511,Black,347,10," KES 1,933,461.00 "
Chevrolet,30308,0.192564948,Blue,240,11," KES 4,775,069.00 "
Toyota,283766,0.145701549,Grey,366,11," KES 1,398,067.00 "
Toyota,197469,0.196045535,Blue,212,11," KES 9,396,809.00 "
Chevrolet,202103,0.117241391,Blue,349,4," KES 7,781,987.00 "
Chevrolet,135136,0.107066283,Blue,283,11," KES 7,572,441.00 "
Nissan,286543,0.11088923,Blue,344,11," KES 7,322,935.00 "
Chevrolet,253896,0.170032455,Silver,101,3," KES 6,227,853.00 "
Mercedes,155863,0.144932553,Blue,261,8," KES 4,861,806.00 "
Hyundai,230546,0.196365637,White,124,13," KES 4,324,820.00 "
Honda,225090,0.12368261,Red,184,10," KES 6,383,200.00 "
Mercedes,217903,0.135000643,Green,340,9," KES 742,370.00 "
Kia,227769,0.142919207,Silver,310,2," KES 6,033,908.00 "
Audi,162097,0.154057543,Silver,212,5," KES 6,781,117.00 "
BMW,121727,0.100448305,White,113,5," KES 9,229,003.00 "
Kia,151046,0.134266731,Silver,331,7," KES 2,434,387.00 "
Ford,20672,0.163988492,Blue,499,13," KES 1,331,254.00 "
Chevrolet,196466,0.067285015,Green,337,10," KES 9,781,858.00 "
Hyundai,164263,0.098598501,Blue,403,10," KES 9,674,045.00 "
Audi,177334,0.067081848,Silver,238,6," KES 3,171,042.00 "
Mercedes,292821,0.062604454,Blue,371,9," KES 9,779,966.00 "
Mercedes,51659,0.099746923,Silver,445,5," KES 9,540,974.00 "
Nissan,145126,0.111187537,White,280,12," KES 7,262,015.00 "
Audi,105729,0.060039296,Silver,170,14," KES 3,408,124.00 "
Mercedes,80306,0.139156054,Green,180,13," KES 4,476,178.00 "
Honda,119942,0.159359051,Red,447,9," KES 1,951,145.00 "
Chevrolet,279198,0.163714088,Grey,385,9," KES 7,378,174.00 "
Hyundai,280354,0.094648629,Blue,268,9," KES 6,371,883.00 "
Nissan,77527,0.069851495,Blue,461,2," KES 2,038,712.00 "
Chevrolet,255167,0.15495887,Green,314,6," KES 815,134.00 "
Mercedes,103436,0.10095071,Red,470,5," KES 538,125.00 "
Honda,263252,0.083716783,Red,173,7," KES 8,308,170.00 "
Hyundai,35503,0.09550183,Grey,182,13," KES 6,842,012.00 "
Chevrolet,142376,0.101066994,Blue,153,12," KES 9,223,700.00 "
Mercedes,69687,0.080698826,White,210,4," KES 2,830,186.00 "
Ford,207550,0.069396568,Green,198,8," KES 1,626,699.00 "
Honda,96449,0.157894998,Green,472,8," KES 3,054,408.00 "
Audi,269265,0.122063131,White,478,13," KES 9,839,722.00 "
Toyota,85968,0.177635432,White,267,8," KES 9,816,006.00 "
Audi,137260,0.180867902,Black,296,10," KES 4,170,574.00 "
Toyota,293538,0.186317248,Green,180,8," KES 2,210,309.00 "
Chevrolet,235744,0.103994554,Green,354,14," KES 6,443,532.00 "
Hyundai,156067,0.056427783,Blue,302,14," KES 5,841,650.00 "
Hyundai,257899,0.17416213,Blue,408,9," KES 9,363,311.00 "
Mercedes,191899,0.14329941,White,445,4," KES 1,474,787.00 "
BMW,232981,0.096646484,Black,287,11," KES 2,073,291.00 "
Audi,236335,0.07116789,Red,229,7," KES 7,102,327.00 "
Honda,102848,0.155166229,Silver,421,8," KES 8,029,815.00 "
Chevrolet,200386,0.100413387,Black,208,2," KES 6,945,377.00 "
Chevrolet,278496,0.093170081,Black,498,7," KES 3,608,179.00 "
Toyota,441,0.125449155,Red,450,13," KES 9,329,766.00 "
Honda,35439,0.070025226,Blue,225,14," KES 8,134,909.00 "
Kia,55402,0.194594233,Blue,108,7," KES 8,559,242.00 "
Mercedes,244454,0.15793329,Black,189,9," KES 4,547,117.00 "
Audi,210187,0.104521386,Blue,173,6," KES 9,987,670.00 "
Hyundai,148519,0.08295585,Red,227,4," KES 3,628,457.00 "
Honda,19550,0.101274583,Silver,217,13," KES 3,013,124.00 "
Chevrolet,144397,0.108435507,Blue,459,14," KES 8,896,589.00 "
